debug64KUV4:debugZ794FL,0,1401773295026,"{""phase"": ""INSTRUCTIONS"", ""templates"": [""instructions/instruct-1.html"", ""instructions/instruct-2.html"", ""instructions/instruct-3.html"", ""instructions/instruct-ready.html""], ""action"": ""Begin""}"
debug64KUV4:debugZ794FL,1,1401773296248,"{""phase"": ""INSTRUCTIONS"", ""indexOf"": 0, ""viewTime"": 1217, ""action"": ""NextPage"", ""template"": ""instructions/instruct-1.html""}"
debug64KUV4:debugZ794FL,2,1401773296961,"{""phase"": ""INSTRUCTIONS"", ""indexOf"": 1, ""viewTime"": 709, ""action"": ""NextPage"", ""template"": ""instructions/instruct-2.html""}"
debug64KUV4:debugZ794FL,3,1401773297378,"{""phase"": ""INSTRUCTIONS"", ""indexOf"": 2, ""viewTime"": 416, ""action"": ""NextPage"", ""template"": ""instructions/instruct-3.html""}"
debug64KUV4:debugZ794FL,4,1401773298136,"{""phase"": ""INSTRUCTIONS"", ""indexOf"": 3, ""viewTime"": 757, ""action"": ""FinishInstructions"", ""template"": ""instructions/instruct-ready.html""}"
debug64KUV4:debugZ794FL,5,1401773299938,"{""rt"": 1788, ""chosen"": ""1"", ""correct response"": ""1"", ""phase"": ""TEST"", ""outcome"": true, ""stimuli3"": ""233"", ""stimuli2"": ""222"", ""stimuli1"": ""111""}"
debug64KUV4:debugZ794FL,6,1401773300200,"{""rt"": 261, ""chosen"": ""2"", ""correct response"": ""1"", ""phase"": ""TEST"", ""outcome"": false, ""stimuli3"": ""213"", ""stimuli2"": ""132"", ""stimuli1"": ""121""}"
debug64KUV4:debugZ794FL,7,1401773300376,"{""rt"": 175, ""chosen"": ""3"", ""correct response"": ""1"", ""phase"": ""TEST"", ""outcome"": false, ""stimuli3"": ""333"", ""stimuli2"": ""221"", ""stimuli1"": ""122""}"
debug64KUV4:debugZ794FL,8,1401773300656,"{""rt"": 279, ""chosen"": ""1"", ""correct response"": ""1"", ""phase"": ""TEST"", ""outcome"": true, ""stimuli3"": ""123"", ""stimuli2"": ""131"", ""stimuli1"": ""132""}"
debug64KUV4:debugZ794FL,9,1401773300920,"{""rt"": 263, ""chosen"": ""3"", ""correct response"": ""1"", ""phase"": ""TEST"", ""outcome"": false, ""stimuli3"": ""222"", ""stimuli2"": ""331"", ""stimuli1"": ""123""}"
debug64KUV4:debugZ794FL,10,1401773301112,"{""rt"": 191, ""chosen"": ""2"", ""correct response"": ""1"", ""phase"": ""TEST"", ""outcome"": false, ""stimuli3"": ""333"", ""stimuli2"": ""111"", ""stimuli1"": ""222""}"
debug64KUV4:debugZ794FL,11,1401773301304,"{""rt"": 191, ""chosen"": ""1"", ""correct response"": ""1"", ""phase"": ""TEST"", ""outcome"": true, ""stimuli3"": ""313"", ""stimuli2"": ""112"", ""stimuli1"": ""213""}"
debug64KUV4:debugZ794FL,12,1401773301744,"{""rt"": 439, ""chosen"": ""2"", ""correct response"": ""1"", ""phase"": ""TEST"", ""outcome"": false, ""stimuli3"": ""323"", ""stimuli2"": ""222"", ""stimuli1"": ""131""}"
debug64KUV4:debugZ794FL,13,1401773302024,"{""rt"": 279, ""chosen"": ""3"", ""correct response"": ""1"", ""phase"": ""TEST"", ""outcome"": false, ""stimuli3"": ""223"", ""stimuli2"": ""132"", ""stimuli1"": ""333""}"
debug64KUV4:debugZ794FL,14,1401773302026,"{""phase"": ""postquestionnaire"", ""status"": ""begin""}"
debugZI94H2:debugQQBPK1,0,1401773717582,"{""phase"": ""INSTRUCTIONS"", ""templates"": [""instructions/instruct-1.html"", ""instructions/instruct-2.html"", ""instructions/instruct-3.html"", ""instructions/instruct-ready.html""], ""action"": ""Begin""}"
debugZI94H2:debugQQBPK1,1,1401773718774,"{""phase"": ""INSTRUCTIONS"", ""indexOf"": 0, ""viewTime"": 1189, ""action"": ""NextPage"", ""template"": ""instructions/instruct-1.html""}"
debugZI94H2:debugQQBPK1,2,1401773719432,"{""phase"": ""INSTRUCTIONS"", ""indexOf"": 1, ""viewTime"": 653, ""action"": ""NextPage"", ""template"": ""instructions/instruct-2.html""}"
debugZI94H2:debugQQBPK1,3,1401773719912,"{""phase"": ""INSTRUCTIONS"", ""indexOf"": 2, ""viewTime"": 479, ""action"": ""NextPage"", ""template"": ""instructions/instruct-3.html""}"
debugZI94H2:debugQQBPK1,4,1401773720721,"{""phase"": ""INSTRUCTIONS"", ""indexOf"": 3, ""viewTime"": 808, ""action"": ""FinishInstructions"", ""template"": ""instructions/instruct-ready.html""}"
debugZI94H2:debugQQBPK1,5,1401773722269,"{""rt"": 1535, ""chosen"": ""1"", ""correct response"": ""1"", ""phase"": ""TEST"", ""outcome"": true, ""stimuli3"": ""233"", ""stimuli2"": ""222"", ""stimuli1"": ""111""}"
debugZI94H2:debugQQBPK1,6,1401773722603,"{""rt"": 333, ""chosen"": ""2"", ""correct response"": ""1"", ""phase"": ""TEST"", ""outcome"": false, ""stimuli3"": ""213"", ""stimuli2"": ""132"", ""stimuli1"": ""121""}"
debugZI94H2:debugQQBPK1,7,1401773722939,"{""rt"": 335, ""chosen"": ""3"", ""correct response"": ""1"", ""phase"": ""TEST"", ""outcome"": false, ""stimuli3"": ""333"", ""stimuli2"": ""221"", ""stimuli1"": ""122""}"
debugZI94H2:debugQQBPK1,8,1401773723267,"{""rt"": 327, ""chosen"": ""1"", ""correct response"": ""1"", ""phase"": ""TEST"", ""outcome"": true, ""stimuli3"": ""123"", ""stimuli2"": ""131"", ""stimuli1"": ""132""}"
debugZI94H2:debugQQBPK1,9,1401773723531,"{""rt"": 263, ""chosen"": ""3"", ""correct response"": ""1"", ""phase"": ""TEST"", ""outcome"": false, ""stimuli3"": ""222"", ""stimuli2"": ""331"", ""stimuli1"": ""123""}"
debugZI94H2:debugQQBPK1,10,1401773723787,"{""rt"": 256, ""chosen"": ""2"", ""correct response"": ""1"", ""phase"": ""TEST"", ""outcome"": false, ""stimuli3"": ""333"", ""stimuli2"": ""111"", ""stimuli1"": ""222""}"
debugZI94H2:debugQQBPK1,11,1401773724235,"{""rt"": 447, ""chosen"": ""2"", ""correct response"": ""1"", ""phase"": ""TEST"", ""outcome"": false, ""stimuli3"": ""313"", ""stimuli2"": ""112"", ""stimuli1"": ""213""}"
debugZI94H2:debugQQBPK1,12,1401773724491,"{""rt"": 255, ""chosen"": ""1"", ""correct response"": ""1"", ""phase"": ""TEST"", ""outcome"": true, ""stimuli3"": ""323"", ""stimuli2"": ""222"", ""stimuli1"": ""131""}"
debugZI94H2:debugQQBPK1,13,1401773724779,"{""rt"": 287, ""chosen"": ""3"", ""correct response"": ""1"", ""phase"": ""TEST"", ""outcome"": false, ""stimuli3"": ""223"", ""stimuli2"": ""132"", ""stimuli1"": ""333""}"
debugZI94H2:debugQQBPK1,14,1401773724780,"{""phase"": ""postquestionnaire"", ""status"": ""begin""}"
debugZI94H2:debugQQBPK1,15,1401773729693,"{""phase"": ""postquestionnaire"", ""status"": ""submit""}"
debugZI94H2:debugQQBPK1,16,1401773730739,"{""phase"": ""postquestionnaire"", ""status"": ""submit""}"
debugZI94H2:debugQQBPK1,17,1401773731237,"{""phase"": ""postquestionnaire"", ""status"": ""submit""}"
debugZI94H2:debugQQBPK1,18,1401773731517,"{""phase"": ""postquestionnaire"", ""status"": ""submit""}"
debugZI94H2:debugQQBPK1,19,1401773731772,"{""phase"": ""postquestionnaire"", ""status"": ""submit""}"
debugZI94H2:debugQQBPK1,20,1401773732039,"{""phase"": ""postquestionnaire"", ""status"": ""submit""}"
debugZI94H2:debugQQBPK1,21,1401773732311,"{""phase"": ""postquestionnaire"", ""status"": ""submit""}"
debugZI94H2:debugQQBPK1,22,1401773732562,"{""phase"": ""postquestionnaire"", ""status"": ""submit""}"
debugZI94H2:debugQQBPK1,23,1401773733226,"{""phase"": ""postquestionnaire"", ""status"": ""submit""}"
debugZI94H2:debugQQBPK1,24,1401773733458,"{""phase"": ""postquestionnaire"", ""status"": ""submit""}"
debugP2RBJB:debug0SI5MP,0,1401775643561,"{""phase"": ""INSTRUCTIONS"", ""templates"": [""instructions/instruct-1.html"", ""instructions/instruct-2.html"", ""instructions/instruct-3.html"", ""instructions/instruct-ready.html""], ""action"": ""Begin""}"
debugP2RBJB:debug0SI5MP,1,1401775644481,"{""phase"": ""INSTRUCTIONS"", ""indexOf"": 0, ""viewTime"": 916, ""action"": ""NextPage"", ""template"": ""instructions/instruct-1.html""}"
debugP2RBJB:debug0SI5MP,2,1401775645100,"{""phase"": ""INSTRUCTIONS"", ""indexOf"": 1, ""viewTime"": 616, ""action"": ""NextPage"", ""template"": ""instructions/instruct-2.html""}"
debugP2RBJB:debug0SI5MP,3,1401775645597,"{""phase"": ""INSTRUCTIONS"", ""indexOf"": 2, ""viewTime"": 496, ""action"": ""NextPage"", ""template"": ""instructions/instruct-3.html""}"
debugP2RBJB:debug0SI5MP,4,1401775646255,"{""phase"": ""INSTRUCTIONS"", ""indexOf"": 3, ""viewTime"": 657, ""action"": ""FinishInstructions"", ""template"": ""instructions/instruct-ready.html""}"
debugP2RBJB:debug0SI5MP,5,1401775647153,"{""rt"": 885, ""correct"": ""1"", ""hit"": true, ""stimuli2"": ""222"", ""phase"": ""TEST"", ""stimuli3"": ""233"", ""response"": ""1"", ""stimuli1"": ""111""}"
debugP2RBJB:debug0SI5MP,6,1401775647480,"{""rt"": 326, ""correct"": ""1"", ""hit"": false, ""stimuli2"": ""132"", ""phase"": ""TEST"", ""stimuli3"": ""213"", ""response"": ""2"", ""stimuli1"": ""121""}"
debugP2RBJB:debug0SI5MP,7,1401775647832,"{""rt"": 351, ""correct"": ""1"", ""hit"": false, ""stimuli2"": ""221"", ""phase"": ""TEST"", ""stimuli3"": ""333"", ""response"": ""3"", ""stimuli1"": ""122""}"
debugP2RBJB:debug0SI5MP,8,1401775648224,"{""rt"": 391, ""correct"": ""1"", ""hit"": true, ""stimuli2"": ""131"", ""phase"": ""TEST"", ""stimuli3"": ""123"", ""response"": ""1"", ""stimuli1"": ""132""}"
debugP2RBJB:debug0SI5MP,9,1401775648632,"{""rt"": 408, ""correct"": ""1"", ""hit"": false, ""stimuli2"": ""331"", ""phase"": ""TEST"", ""stimuli3"": ""222"", ""response"": ""3"", ""stimuli1"": ""123""}"
debugP2RBJB:debug0SI5MP,10,1401775648952,"{""rt"": 320, ""correct"": ""1"", ""hit"": false, ""stimuli2"": ""111"", ""phase"": ""TEST"", ""stimuli3"": ""333"", ""response"": ""2"", ""stimuli1"": ""222""}"
debugP2RBJB:debug0SI5MP,11,1401775649384,"{""rt"": 431, ""correct"": ""1"", ""hit"": false, ""stimuli2"": ""112"", ""phase"": ""TEST"", ""stimuli3"": ""313"", ""response"": ""2"", ""stimuli1"": ""213""}"
debugP2RBJB:debug0SI5MP,12,1401775649663,"{""rt"": 279, ""correct"": ""1"", ""hit"": true, ""stimuli2"": ""222"", ""phase"": ""TEST"", ""stimuli3"": ""323"", ""response"": ""1"", ""stimuli1"": ""131""}"
debugP2RBJB:debug0SI5MP,13,1401775650016,"{""rt"": 352, ""correct"": ""1"", ""hit"": false, ""stimuli2"": ""132"", ""phase"": ""TEST"", ""stimuli3"": ""223"", ""response"": ""2"", ""stimuli1"": ""333""}"
debugP2RBJB:debug0SI5MP,14,1401775650017,"{""phase"": ""postquestionnaire"", ""status"": ""begin""}"
debugP2RBJB:debug0SI5MP,15,1401775651518,"{""phase"": ""postquestionnaire"", ""status"": ""submit""}"
debugLZ3WZJ:debugGPUD0D,0,1401776113951,"{""phase"": ""INSTRUCTIONS"", ""templates"": [""instructions/instruct-1.html"", ""instructions/instruct-2.html"", ""instructions/instruct-3.html"", ""instructions/instruct-ready.html""], ""action"": ""Begin""}"
debugLZ3WZJ:debugGPUD0D,1,1401776114977,"{""phase"": ""INSTRUCTIONS"", ""indexOf"": 0, ""viewTime"": 1022, ""action"": ""NextPage"", ""template"": ""instructions/instruct-1.html""}"
debugLZ3WZJ:debugGPUD0D,2,1401776115516,"{""phase"": ""INSTRUCTIONS"", ""indexOf"": 1, ""viewTime"": 536, ""action"": ""NextPage"", ""template"": ""instructions/instruct-2.html""}"
debugLZ3WZJ:debugGPUD0D,3,1401776115945,"{""phase"": ""INSTRUCTIONS"", ""indexOf"": 2, ""viewTime"": 426, ""action"": ""NextPage"", ""template"": ""instructions/instruct-3.html""}"
debugLZ3WZJ:debugGPUD0D,4,1401776116587,"{""phase"": ""INSTRUCTIONS"", ""indexOf"": 3, ""viewTime"": 641, ""action"": ""FinishInstructions"", ""template"": ""instructions/instruct-ready.html""}"
debugLZ3WZJ:debugGPUD0D,5,1401776117495,"{""rt"": 895, ""correct"": ""1"", ""hit"": true, ""stimuli2"": ""222"", ""phase"": ""TEST"", ""stimuli3"": ""233"", ""response"": ""1"", ""stimuli1"": ""111""}"
debugLZ3WZJ:debugGPUD0D,6,1401776119597,"{""rt"": 2101, ""correct"": ""1"", ""hit"": false, ""stimuli2"": ""132"", ""phase"": ""TEST"", ""stimuli3"": ""213"", ""response"": ""2"", ""stimuli1"": ""121""}"
debugLZ3WZJ:debugGPUD0D,7,1401776120597,"{""rt"": 999, ""correct"": ""1"", ""hit"": false, ""stimuli2"": ""221"", ""phase"": ""TEST"", ""stimuli3"": ""333"", ""response"": ""3"", ""stimuli1"": ""122""}"
debugLZ3WZJ:debugGPUD0D,8,1401776121045,"{""rt"": 447, ""correct"": ""1"", ""hit"": true, ""stimuli2"": ""131"", ""phase"": ""TEST"", ""stimuli3"": ""123"", ""response"": ""1"", ""stimuli1"": ""132""}"
debugLZ3WZJ:debugGPUD0D,9,1401776121517,"{""rt"": 471, ""correct"": ""1"", ""hit"": false, ""stimuli2"": ""331"", ""phase"": ""TEST"", ""stimuli3"": ""222"", ""response"": ""2"", ""stimuli1"": ""123""}"
debugLZ3WZJ:debugGPUD0D,10,1401776121965,"{""rt"": 448, ""correct"": ""1"", ""hit"": false, ""stimuli2"": ""111"", ""phase"": ""TEST"", ""stimuli3"": ""333"", ""response"": ""3"", ""stimuli1"": ""222""}"
debugLZ3WZJ:debugGPUD0D,11,1401776122341,"{""rt"": 375, ""correct"": ""1"", ""hit"": true, ""stimuli2"": ""112"", ""phase"": ""TEST"", ""stimuli3"": ""313"", ""response"": ""1"", ""stimuli1"": ""213""}"
debugLZ3WZJ:debugGPUD0D,12,1401776122725,"{""rt"": 383, ""correct"": ""1"", ""hit"": false, ""stimuli2"": ""222"", ""phase"": ""TEST"", ""stimuli3"": ""323"", ""response"": ""2"", ""stimuli1"": ""131""}"
debugLZ3WZJ:debugGPUD0D,13,1401776123053,"{""rt"": 327, ""correct"": ""1"", ""hit"": false, ""stimuli2"": ""132"", ""phase"": ""TEST"", ""stimuli3"": ""223"", ""response"": ""3"", ""stimuli1"": ""333""}"
debugLZ3WZJ:debugGPUD0D,14,1401776123055,"{""phase"": ""postquestionnaire"", ""status"": ""begin""}"
debugLZ3WZJ:debugGPUD0D,15,1401776126488,"{""phase"": ""postquestionnaire"", ""status"": ""submit""}"
debugJWKKZ8:debug4R5MU3,0,1401776397421,"{""phase"": ""INSTRUCTIONS"", ""templates"": [""instructions/instruct-1.html"", ""instructions/instruct-2.html"", ""instructions/instruct-3.html"", ""instructions/instruct-ready.html""], ""action"": ""Begin""}"
debugJWKKZ8:debug4R5MU3,1,1401776398516,"{""phase"": ""INSTRUCTIONS"", ""indexOf"": 0, ""viewTime"": 1092, ""action"": ""NextPage"", ""template"": ""instructions/instruct-1.html""}"
debugJWKKZ8:debug4R5MU3,2,1401776399141,"{""phase"": ""INSTRUCTIONS"", ""indexOf"": 1, ""viewTime"": 621, ""action"": ""NextPage"", ""template"": ""instructions/instruct-2.html""}"
debugJWKKZ8:debug4R5MU3,3,1401776399646,"{""phase"": ""INSTRUCTIONS"", ""indexOf"": 2, ""viewTime"": 504, ""action"": ""NextPage"", ""template"": ""instructions/instruct-3.html""}"
debugJWKKZ8:debug4R5MU3,4,1401776400312,"{""phase"": ""INSTRUCTIONS"", ""indexOf"": 3, ""viewTime"": 664, ""action"": ""FinishInstructions"", ""template"": ""instructions/instruct-ready.html""}"
debugJWKKZ8:debug4R5MU3,5,1401776401751,"{""rt"": 1425, ""correct"": ""1"", ""hit"": true, ""stimuli2"": ""222"", ""phase"": ""TEST"", ""stimuli3"": ""233"", ""response"": ""1"", ""stimuli1"": ""111""}"
debugJWKKZ8:debug4R5MU3,6,1401776402541,"{""rt"": 788, ""correct"": ""1"", ""hit"": false, ""stimuli2"": ""132"", ""phase"": ""TEST"", ""stimuli3"": ""213"", ""response"": ""2"", ""stimuli1"": ""121""}"
debugJWKKZ8:debug4R5MU3,7,1401776402997,"{""rt"": 455, ""correct"": ""1"", ""hit"": false, ""stimuli2"": ""221"", ""phase"": ""TEST"", ""stimuli3"": ""333"", ""response"": ""3"", ""stimuli1"": ""122""}"
debugJWKKZ8:debug4R5MU3,8,1401776403557,"{""rt"": 559, ""correct"": ""1"", ""hit"": false, ""stimuli2"": ""131"", ""phase"": ""TEST"", ""stimuli3"": ""123"", ""response"": ""2"", ""stimuli1"": ""132""}"
debugJWKKZ8:debug4R5MU3,9,1401776404285,"{""rt"": 726, ""correct"": ""1"", ""hit"": true, ""stimuli2"": ""331"", ""phase"": ""TEST"", ""stimuli3"": ""222"", ""response"": ""1"", ""stimuli1"": ""123""}"
debugJWKKZ8:debug4R5MU3,10,1401776404693,"{""rt"": 408, ""correct"": ""1"", ""hit"": true, ""stimuli2"": ""111"", ""phase"": ""TEST"", ""stimuli3"": ""333"", ""response"": ""1"", ""stimuli1"": ""222""}"
debugJWKKZ8:debug4R5MU3,11,1401776405077,"{""rt"": 383, ""correct"": ""1"", ""hit"": true, ""stimuli2"": ""112"", ""phase"": ""TEST"", ""stimuli3"": ""313"", ""response"": ""1"", ""stimuli1"": ""213""}"
debugJWKKZ8:debug4R5MU3,12,1401776405524,"{""rt"": 446, ""correct"": ""1"", ""hit"": true, ""stimuli2"": ""222"", ""phase"": ""TEST"", ""stimuli3"": ""323"", ""response"": ""1"", ""stimuli1"": ""131""}"
debugJWKKZ8:debug4R5MU3,13,1401776405933,"{""rt"": 408, ""correct"": ""1"", ""hit"": true, ""stimuli2"": ""132"", ""phase"": ""TEST"", ""stimuli3"": ""223"", ""response"": ""1"", ""stimuli1"": ""333""}"
debugJWKKZ8:debug4R5MU3,14,1401776405934,"{""phase"": ""postquestionnaire"", ""status"": ""begin""}"
debugJWKKZ8:debug4R5MU3,15,1401776410704,"{""phase"": ""postquestionnaire"", ""status"": ""submit""}"
debugAISQ81:debugZ1XH1H,0,1401776527357,"{""phase"": ""INSTRUCTIONS"", ""templates"": [""instructions/instruct-1.html"", ""instructions/instruct-2.html"", ""instructions/instruct-3.html"", ""instructions/instruct-ready.html""], ""action"": ""Begin""}"
debugAISQ81:debugZ1XH1H,1,1401776528064,"{""phase"": ""INSTRUCTIONS"", ""indexOf"": 0, ""viewTime"": 704, ""action"": ""NextPage"", ""template"": ""instructions/instruct-1.html""}"
debugAISQ81:debugZ1XH1H,2,1401776529065,"{""phase"": ""INSTRUCTIONS"", ""indexOf"": 1, ""viewTime"": 996, ""action"": ""NextPage"", ""template"": ""instructions/instruct-2.html""}"
debugAISQ81:debugZ1XH1H,3,1401776529498,"{""phase"": ""INSTRUCTIONS"", ""indexOf"": 2, ""viewTime"": 432, ""action"": ""NextPage"", ""template"": ""instructions/instruct-3.html""}"
debugAISQ81:debugZ1XH1H,4,1401776530644,"{""phase"": ""INSTRUCTIONS"", ""indexOf"": 3, ""viewTime"": 1145, ""action"": ""FinishInstructions"", ""template"": ""instructions/instruct-ready.html""}"
debugAISQ81:debugZ1XH1H,5,1401776531267,"{""rt"": 609, ""correct"": ""1"", ""hit"": true, ""stimuli2"": ""222"", ""phase"": ""TEST"", ""stimuli3"": ""233"", ""response"": ""1"", ""stimuli1"": ""111""}"
debugJ9ULXJ:debugEVLI7K,0,1401776589139,"{""phase"": ""INSTRUCTIONS"", ""templates"": [""instructions/instruct-1.html"", ""instructions/instruct-2.html"", ""instructions/instruct-3.html"", ""instructions/instruct-ready.html""], ""action"": ""Begin""}"
debugJ9ULXJ:debugEVLI7K,1,1401776589930,"{""phase"": ""INSTRUCTIONS"", ""indexOf"": 0, ""viewTime"": 782, ""action"": ""NextPage"", ""template"": ""instructions/instruct-1.html""}"
debugJ9ULXJ:debugEVLI7K,2,1401776590531,"{""phase"": ""INSTRUCTIONS"", ""indexOf"": 1, ""viewTime"": 598, ""action"": ""NextPage"", ""template"": ""instructions/instruct-2.html""}"
debugJ9ULXJ:debugEVLI7K,3,1401776590875,"{""phase"": ""INSTRUCTIONS"", ""indexOf"": 2, ""viewTime"": 343, ""action"": ""NextPage"", ""template"": ""instructions/instruct-3.html""}"
debugJ9ULXJ:debugEVLI7K,4,1401776591799,"{""phase"": ""INSTRUCTIONS"", ""indexOf"": 3, ""viewTime"": 922, ""action"": ""FinishInstructions"", ""template"": ""instructions/instruct-ready.html""}"
debugJ9ULXJ:debugEVLI7K,5,1401776592401,"{""rt"": 589, ""correct"": ""1"", ""hit"": true, ""stimuli2"": ""222"", ""phase"": ""TEST"", ""stimuli3"": ""233"", ""response"": ""1"", ""stimuli1"": ""111""}"
debugJ9ULXJ:debugEVLI7K,6,1401776593927,"{""rt"": 1525, ""correct"": ""1"", ""hit"": false, ""stimuli2"": ""132"", ""phase"": ""TEST"", ""stimuli3"": ""213"", ""response"": ""2"", ""stimuli1"": ""121""}"
debugJ9ULXJ:debugEVLI7K,7,1401776594847,"{""rt"": 919, ""correct"": ""1"", ""hit"": true, ""stimuli2"": ""221"", ""phase"": ""TEST"", ""stimuli3"": ""333"", ""response"": ""1"", ""stimuli1"": ""122""}"
debugJ9ULXJ:debugEVLI7K,8,1401776596159,"{""rt"": 1311, ""correct"": ""1"", ""hit"": true, ""stimuli2"": ""131"", ""phase"": ""TEST"", ""stimuli3"": ""123"", ""response"": ""1"", ""stimuli1"": ""132""}"
debugJ9ULXJ:debugEVLI7K,9,1401776597743,"{""rt"": 1583, ""correct"": ""1"", ""hit"": true, ""stimuli2"": ""331"", ""phase"": ""TEST"", ""stimuli3"": ""222"", ""response"": ""1"", ""stimuli1"": ""123""}"
debugJ9ULXJ:debugEVLI7K,10,1401776599391,"{""rt"": 1648, ""correct"": ""1"", ""hit"": false, ""stimuli2"": ""111"", ""phase"": ""TEST"", ""stimuli3"": ""333"", ""response"": ""2"", ""stimuli1"": ""222""}"
debugJ9ULXJ:debugEVLI7K,11,1401776599911,"{""rt"": 520, ""correct"": ""1"", ""hit"": true, ""stimuli2"": ""112"", ""phase"": ""TEST"", ""stimuli3"": ""313"", ""response"": ""1"", ""stimuli1"": ""213""}"
debugJ9ULXJ:debugEVLI7K,12,1401776601127,"{""rt"": 1216, ""correct"": ""1"", ""hit"": false, ""stimuli2"": ""222"", ""phase"": ""TEST"", ""stimuli3"": ""323"", ""response"": ""2"", ""stimuli1"": ""131""}"
debugJ9ULXJ:debugEVLI7K,13,1401776601695,"{""rt"": 568, ""correct"": ""1"", ""hit"": true, ""stimuli2"": ""132"", ""phase"": ""TEST"", ""stimuli3"": ""223"", ""response"": ""1"", ""stimuli1"": ""333""}"
debugJ9ULXJ:debugEVLI7K,14,1401776601697,"{""phase"": ""postquestionnaire"", ""status"": ""begin""}"
debugJ9ULXJ:debugEVLI7K,15,1401776603637,"{""phase"": ""postquestionnaire"", ""status"": ""submit""}"
debug90XHSZ:debugOAXKRC,0,1401776671000,"{""phase"": ""INSTRUCTIONS"", ""templates"": [""instructions/instruct-1.html"", ""instructions/instruct-2.html"", ""instructions/instruct-3.html"", ""instructions/instruct-ready.html""], ""action"": ""Begin""}"
debug90XHSZ:debugOAXKRC,1,1401776671934,"{""phase"": ""INSTRUCTIONS"", ""indexOf"": 0, ""viewTime"": 930, ""action"": ""NextPage"", ""template"": ""instructions/instruct-1.html""}"
debug90XHSZ:debugOAXKRC,2,1401776672622,"{""phase"": ""INSTRUCTIONS"", ""indexOf"": 1, ""viewTime"": 684, ""action"": ""NextPage"", ""template"": ""instructions/instruct-2.html""}"
debug90XHSZ:debugOAXKRC,3,1401776673056,"{""phase"": ""INSTRUCTIONS"", ""indexOf"": 2, ""viewTime"": 432, ""action"": ""NextPage"", ""template"": ""instructions/instruct-3.html""}"
debug90XHSZ:debugOAXKRC,4,1401776674140,"{""phase"": ""INSTRUCTIONS"", ""indexOf"": 3, ""viewTime"": 1083, ""action"": ""FinishInstructions"", ""template"": ""instructions/instruct-ready.html""}"
debug90XHSZ:debugOAXKRC,5,1401776675073,"{""rt"": 920, ""correct"": ""1"", ""hit"": true, ""stimuli2"": ""222"", ""phase"": ""TEST"", ""stimuli3"": ""233"", ""response"": ""1"", ""stimuli1"": ""111""}"
debug90XHSZ:debugOAXKRC,6,1401776676815,"{""rt"": 740, ""correct"": ""1"", ""hit"": true, ""stimuli2"": ""132"", ""phase"": ""TEST"", ""stimuli3"": ""213"", ""response"": ""1"", ""stimuli1"": ""121""}"
debug90XHSZ:debugOAXKRC,7,1401776678190,"{""rt"": 372, ""correct"": ""1"", ""hit"": false, ""stimuli2"": ""221"", ""phase"": ""TEST"", ""stimuli3"": ""333"", ""response"": ""2"", ""stimuli1"": ""122""}"
debug90XHSZ:debugOAXKRC,8,1401776680255,"{""rt"": 1062, ""correct"": ""1"", ""hit"": true, ""stimuli2"": ""131"", ""phase"": ""TEST"", ""stimuli3"": ""123"", ""response"": ""1"", ""stimuli1"": ""132""}"
debug90XHSZ:debugOAXKRC,9,1401776681855,"{""rt"": 598, ""correct"": ""1"", ""hit"": true, ""stimuli2"": ""331"", ""phase"": ""TEST"", ""stimuli3"": ""222"", ""response"": ""1"", ""stimuli1"": ""123""}"
debug90XHSZ:debugOAXKRC,10,1401776683447,"{""rt"": 590, ""correct"": ""1"", ""hit"": true, ""stimuli2"": ""111"", ""phase"": ""TEST"", ""stimuli3"": ""333"", ""response"": ""1"", ""stimuli1"": ""222""}"
debug90XHSZ:debugOAXKRC,11,1401776685007,"{""rt"": 557, ""correct"": ""1"", ""hit"": true, ""stimuli2"": ""112"", ""phase"": ""TEST"", ""stimuli3"": ""313"", ""response"": ""1"", ""stimuli1"": ""213""}"
debug90XHSZ:debugOAXKRC,12,1401776686734,"{""rt"": 725, ""correct"": ""1"", ""hit"": true, ""stimuli2"": ""222"", ""phase"": ""TEST"", ""stimuli3"": ""323"", ""response"": ""1"", ""stimuli1"": ""131""}"
debug90XHSZ:debugOAXKRC,13,1401776688462,"{""rt"": 725, ""correct"": ""1"", ""hit"": true, ""stimuli2"": ""132"", ""phase"": ""TEST"", ""stimuli3"": ""223"", ""response"": ""1"", ""stimuli1"": ""333""}"
debug90XHSZ:debugOAXKRC,14,1401776689466,"{""phase"": ""postquestionnaire"", ""status"": ""begin""}"
debug90XHSZ:debugOAXKRC,15,1401776691442,"{""phase"": ""postquestionnaire"", ""status"": ""submit""}"
debug12ZU55:debugVKW9PT,0,1401779578628,"{""phase"": ""INSTRUCTIONS"", ""templates"": [""instructions/instruct-1.html"", ""instructions/instruct-2.html"", ""instructions/instruct-3.html"", ""instructions/instruct-ready.html""], ""action"": ""Begin""}"
debug12ZU55:debugVKW9PT,1,1401779580230,"{""phase"": ""INSTRUCTIONS"", ""indexOf"": 0, ""viewTime"": 1598, ""action"": ""NextPage"", ""template"": ""instructions/instruct-1.html""}"
debug12ZU55:debugVKW9PT,2,1401779580927,"{""phase"": ""INSTRUCTIONS"", ""indexOf"": 1, ""viewTime"": 693, ""action"": ""NextPage"", ""template"": ""instructions/instruct-2.html""}"
debug12ZU55:debugVKW9PT,3,1401779581338,"{""phase"": ""INSTRUCTIONS"", ""indexOf"": 2, ""viewTime"": 410, ""action"": ""NextPage"", ""template"": ""instructions/instruct-3.html""}"
debug12ZU55:debugVKW9PT,4,1401779582149,"{""phase"": ""INSTRUCTIONS"", ""indexOf"": 3, ""viewTime"": 810, ""action"": ""FinishInstructions"", ""template"": ""instructions/instruct-ready.html""}"
debug12ZU55:debugVKW9PT,5,1401779584160,"{""rt"": 1998, ""correct"": ""1"", ""hit"": true, ""stimuli2"": ""222"", ""phase"": ""TEST"", ""stimuli3"": ""233"", ""response"": ""1"", ""stimuli1"": ""111""}"
debug12ZU55:debugVKW9PT,6,1401779587398,"{""rt"": 2235, ""correct"": ""1"", ""hit"": false, ""stimuli2"": ""132"", ""phase"": ""TEST"", ""stimuli3"": ""213"", ""response"": ""2"", ""stimuli1"": ""121""}"
debug12ZU55:debugVKW9PT,7,1401779589966,"{""rt"": 1566, ""correct"": ""1"", ""hit"": false, ""stimuli2"": ""221"", ""phase"": ""TEST"", ""stimuli3"": ""333"", ""response"": ""2"", ""stimuli1"": ""122""}"
debug12ZU55:debugVKW9PT,8,1401779591934,"{""rt"": 966, ""correct"": ""1"", ""hit"": true, ""stimuli2"": ""131"", ""phase"": ""TEST"", ""stimuli3"": ""123"", ""response"": ""1"", ""stimuli1"": ""132""}"
debug12ZU55:debugVKW9PT,9,1401779594110,"{""rt"": 1174, ""correct"": ""1"", ""hit"": false, ""stimuli2"": ""331"", ""phase"": ""TEST"", ""stimuli3"": ""222"", ""response"": ""2"", ""stimuli1"": ""123""}"
debug12ZU55:debugVKW9PT,10,1401779595926,"{""rt"": 814, ""correct"": ""1"", ""hit"": true, ""stimuli2"": ""111"", ""phase"": ""TEST"", ""stimuli3"": ""333"", ""response"": ""1"", ""stimuli1"": ""222""}"
debug12ZU55:debugVKW9PT,11,1401779599205,"{""rt"": 2277, ""correct"": ""1"", ""hit"": false, ""stimuli2"": ""112"", ""phase"": ""TEST"", ""stimuli3"": ""313"", ""response"": ""2"", ""stimuli1"": ""213""}"
debug12ZU55:debugVKW9PT,12,1401779601293,"{""rt"": 1086, ""correct"": ""1"", ""hit"": false, ""stimuli2"": ""222"", ""phase"": ""TEST"", ""stimuli3"": ""323"", ""response"": ""2"", ""stimuli1"": ""131""}"
debug12ZU55:debugVKW9PT,13,1401779603206,"{""rt"": 910, ""correct"": ""1"", ""hit"": true, ""stimuli2"": ""132"", ""phase"": ""TEST"", ""stimuli3"": ""223"", ""response"": ""1"", ""stimuli1"": ""333""}"
debug12ZU55:debugVKW9PT,14,1401779604209,"{""phase"": ""postquestionnaire"", ""status"": ""begin""}"
debug12ZU55:debugVKW9PT,15,1401779607793,"{""phase"": ""postquestionnaire"", ""status"": ""submit""}"
debugVEE7VO:debug2GAJ6R,0,1401779718711,"{""phase"": ""INSTRUCTIONS"", ""templates"": [""instructions/instruct-1.html"", ""instructions/instruct-2.html"", ""instructions/instruct-3.html"", ""instructions/instruct-ready.html""], ""action"": ""Begin""}"
debugVEE7VO:debug2GAJ6R,1,1401779720005,"{""phase"": ""INSTRUCTIONS"", ""indexOf"": 0, ""viewTime"": 1290, ""action"": ""NextPage"", ""template"": ""instructions/instruct-1.html""}"
debugVEE7VO:debug2GAJ6R,2,1401779720711,"{""phase"": ""INSTRUCTIONS"", ""indexOf"": 1, ""viewTime"": 701, ""action"": ""NextPage"", ""template"": ""instructions/instruct-2.html""}"
debugVEE7VO:debug2GAJ6R,3,1401779721418,"{""phase"": ""INSTRUCTIONS"", ""indexOf"": 2, ""viewTime"": 705, ""action"": ""NextPage"", ""template"": ""instructions/instruct-3.html""}"
debugVEE7VO:debug2GAJ6R,4,1401779722223,"{""phase"": ""INSTRUCTIONS"", ""indexOf"": 3, ""viewTime"": 803, ""action"": ""FinishInstructions"", ""template"": ""instructions/instruct-ready.html""}"
debugVEE7VO:debug2GAJ6R,5,1401779723349,"{""rt"": 1112, ""correct"": ""1"", ""hit"": true, ""stimuli2"": ""222"", ""phase"": ""TEST"", ""stimuli3"": ""233"", ""response"": ""1"", ""stimuli1"": ""111""}"
debugVEE7VO:debug2GAJ6R,6,1401779724947,"{""rt"": 594, ""correct"": ""1"", ""hit"": false, ""stimuli2"": ""132"", ""phase"": ""TEST"", ""stimuli3"": ""213"", ""response"": ""2"", ""stimuli1"": ""121""}"
debugVEE7VO:debug2GAJ6R,7,1401779726571,"{""rt"": 621, ""correct"": ""1"", ""hit"": false, ""stimuli2"": ""221"", ""phase"": ""TEST"", ""stimuli3"": ""333"", ""response"": ""2"", ""stimuli1"": ""122""}"
debugVEE7VO:debug2GAJ6R,8,1401779727898,"{""rt"": 324, ""correct"": ""1"", ""hit"": true, ""stimuli2"": ""131"", ""phase"": ""TEST"", ""stimuli3"": ""123"", ""response"": ""1"", ""stimuli1"": ""132""}"
debugVEE7VO:debug2GAJ6R,9,1401779729426,"{""rt"": 526, ""correct"": ""1"", ""hit"": true, ""stimuli2"": ""331"", ""phase"": ""TEST"", ""stimuli3"": ""222"", ""response"": ""1"", ""stimuli1"": ""123""}"
debugVEE7VO:debug2GAJ6R,10,1401779730962,"{""rt"": 534, ""correct"": ""1"", ""hit"": false, ""stimuli2"": ""111"", ""phase"": ""TEST"", ""stimuli3"": ""333"", ""response"": ""3"", ""stimuli1"": ""222""}"
debugVEE7VO:debug2GAJ6R,11,1401779732418,"{""rt"": 453, ""correct"": ""1"", ""hit"": false, ""stimuli2"": ""112"", ""phase"": ""TEST"", ""stimuli3"": ""313"", ""response"": ""2"", ""stimuli1"": ""213""}"
debugVEE7VO:debug2GAJ6R,12,1401779733978,"{""rt"": 557, ""correct"": ""1"", ""hit"": true, ""stimuli2"": ""222"", ""phase"": ""TEST"", ""stimuli3"": ""323"", ""response"": ""1"", ""stimuli1"": ""131""}"
debugVEE7VO:debug2GAJ6R,13,1401779735402,"{""rt"": 422, ""correct"": ""1"", ""hit"": false, ""stimuli2"": ""132"", ""phase"": ""TEST"", ""stimuli3"": ""223"", ""response"": ""2"", ""stimuli1"": ""333""}"
debugVEE7VO:debug2GAJ6R,14,1401779736405,"{""phase"": ""postquestionnaire"", ""status"": ""begin""}"
debugVEE7VO:debug2GAJ6R,15,1401779739642,"{""phase"": ""postquestionnaire"", ""status"": ""submit""}"
debugBVO6XG:debug63898O,0,1401779817894,"{""phase"": ""INSTRUCTIONS"", ""templates"": [""instructions/instruct-1.html"", ""instructions/instruct-2.html"", ""instructions/instruct-3.html"", ""instructions/instruct-ready.html""], ""action"": ""Begin""}"
debugBVO6XG:debug63898O,1,1401779818780,"{""phase"": ""INSTRUCTIONS"", ""indexOf"": 0, ""viewTime"": 879, ""action"": ""NextPage"", ""template"": ""instructions/instruct-1.html""}"
debugBVO6XG:debug63898O,2,1401779819512,"{""phase"": ""INSTRUCTIONS"", ""indexOf"": 1, ""viewTime"": 729, ""action"": ""NextPage"", ""template"": ""instructions/instruct-2.html""}"
debugBVO6XG:debug63898O,3,1401779819899,"{""phase"": ""INSTRUCTIONS"", ""indexOf"": 2, ""viewTime"": 386, ""action"": ""NextPage"", ""template"": ""instructions/instruct-3.html""}"
debugBVO6XG:debug63898O,4,1401779820662,"{""phase"": ""INSTRUCTIONS"", ""indexOf"": 3, ""viewTime"": 761, ""action"": ""FinishInstructions"", ""template"": ""instructions/instruct-ready.html""}"
debugBVO6XG:debug63898O,5,1401779825087,"{""rt"": 4412, ""correct"": ""1"", ""hit"": true, ""stimuli2"": ""222"", ""phase"": ""TEST"", ""stimuli3"": ""233"", ""response"": ""1"", ""stimuli1"": ""111""}"
debugBVO6XG:debug63898O,6,1401779827166,"{""rt"": 1076, ""correct"": ""1"", ""hit"": false, ""stimuli2"": ""132"", ""phase"": ""TEST"", ""stimuli3"": ""213"", ""response"": ""2"", ""stimuli1"": ""121""}"
debugBVO6XG:debug63898O,7,1401779828886,"{""rt"": 717, ""correct"": ""1"", ""hit"": false, ""stimuli2"": ""221"", ""phase"": ""TEST"", ""stimuli3"": ""333"", ""response"": ""2"", ""stimuli1"": ""122""}"
debugBVO6XG:debug63898O,8,1401779830854,"{""rt"": 966, ""correct"": ""1"", ""hit"": false, ""stimuli2"": ""131"", ""phase"": ""TEST"", ""stimuli3"": ""123"", ""response"": ""2"", ""stimuli1"": ""132""}"
debugBVO6XG:debug63898O,9,1401779832542,"{""rt"": 685, ""correct"": ""1"", ""hit"": false, ""stimuli2"": ""331"", ""phase"": ""TEST"", ""stimuli3"": ""222"", ""response"": ""3"", ""stimuli1"": ""123""}"
debugBVO6XG:debug63898O,10,1401779834142,"{""rt"": 598, ""correct"": ""1"", ""hit"": true, ""stimuli2"": ""111"", ""phase"": ""TEST"", ""stimuli3"": ""333"", ""response"": ""1"", ""stimuli1"": ""222""}"
debugBVO6XG:debug63898O,11,1401779835606,"{""rt"": 461, ""correct"": ""1"", ""hit"": false, ""stimuli2"": ""112"", ""phase"": ""TEST"", ""stimuli3"": ""313"", ""response"": ""2"", ""stimuli1"": ""213""}"
debugBVO6XG:debug63898O,12,1401779837102,"{""rt"": 493, ""correct"": ""1"", ""hit"": true, ""stimuli2"": ""222"", ""phase"": ""TEST"", ""stimuli3"": ""323"", ""response"": ""1"", ""stimuli1"": ""131""}"
debugBVO6XG:debug63898O,13,1401779838589,"{""rt"": 485, ""correct"": ""1"", ""hit"": false, ""stimuli2"": ""132"", ""phase"": ""TEST"", ""stimuli3"": ""223"", ""response"": ""2"", ""stimuli1"": ""333""}"
debugBVO6XG:debug63898O,14,1401779839592,"{""phase"": ""postquestionnaire"", ""status"": ""begin""}"
debugBVO6XG:debug63898O,15,1401779841495,"{""phase"": ""postquestionnaire"", ""status"": ""submit""}"
debug4B3NNC:debugX8NXO7,0,1401781175088,"{""phase"": ""INSTRUCTIONS"", ""templates"": [""instructions/instruct-1.html"", ""instructions/instruct-2.html"", ""instructions/instruct-3.html"", ""instructions/instruct-ready.html""], ""action"": ""Begin""}"
debug4B3NNC:debugX8NXO7,1,1401781176761,"{""phase"": ""INSTRUCTIONS"", ""indexOf"": 0, ""viewTime"": 1669, ""action"": ""NextPage"", ""template"": ""instructions/instruct-1.html""}"
debug4B3NNC:debugX8NXO7,2,1401781177396,"{""phase"": ""INSTRUCTIONS"", ""indexOf"": 1, ""viewTime"": 631, ""action"": ""NextPage"", ""template"": ""instructions/instruct-2.html""}"
debug4B3NNC:debugX8NXO7,3,1401781177699,"{""phase"": ""INSTRUCTIONS"", ""indexOf"": 2, ""viewTime"": 301, ""action"": ""NextPage"", ""template"": ""instructions/instruct-3.html""}"
debug4B3NNC:debugX8NXO7,4,1401781178493,"{""phase"": ""INSTRUCTIONS"", ""indexOf"": 3, ""viewTime"": 792, ""action"": ""FinishInstructions"", ""template"": ""instructions/instruct-ready.html""}"
debug4B3NNC:debugX8NXO7,5,1401781180184,"{""rt"": 1675, ""correct"": ""1"", ""hit"": true, ""stimuli2"": ""222"", ""phase"": ""TEST"", ""stimuli3"": ""233"", ""response"": ""1"", ""stimuli1"": ""111""}"
debug4B3NNC:debugX8NXO7,6,1401781182862,"{""rt"": 1675, ""correct"": ""1"", ""hit"": false, ""stimuli2"": ""132"", ""phase"": ""TEST"", ""stimuli3"": ""213"", ""response"": ""2"", ""stimuli1"": ""121""}"
debugXTJUOW:debugEJ1P9H,0,1401781228860,"{""phase"": ""INSTRUCTIONS"", ""templates"": [""instructions/instruct-1.html"", ""instructions/instruct-2.html"", ""instructions/instruct-3.html"", ""instructions/instruct-ready.html""], ""action"": ""Begin""}"
debugXTJUOW:debugEJ1P9H,1,1401781229682,"{""phase"": ""INSTRUCTIONS"", ""indexOf"": 0, ""viewTime"": 818, ""action"": ""NextPage"", ""template"": ""instructions/instruct-1.html""}"
debugXTJUOW:debugEJ1P9H,2,1401781230309,"{""phase"": ""INSTRUCTIONS"", ""indexOf"": 1, ""viewTime"": 622, ""action"": ""NextPage"", ""template"": ""instructions/instruct-2.html""}"
debugXTJUOW:debugEJ1P9H,3,1401781230838,"{""phase"": ""INSTRUCTIONS"", ""indexOf"": 2, ""viewTime"": 528, ""action"": ""NextPage"", ""template"": ""instructions/instruct-3.html""}"
debugXTJUOW:debugEJ1P9H,4,1401781231922,"{""phase"": ""INSTRUCTIONS"", ""indexOf"": 3, ""viewTime"": 1083, ""action"": ""FinishInstructions"", ""template"": ""instructions/instruct-ready.html""}"
debugXTJUOW:debugEJ1P9H,5,1401781233486,"{""rt"": 1551, ""correct"": ""1"", ""hit"": true, ""stimuli2"": ""222"", ""phase"": ""TEST"", ""stimuli3"": ""233"", ""response"": ""1"", ""stimuli1"": ""111""}"
debugXTJUOW:debugEJ1P9H,6,1401781235501,"{""rt"": 1011, ""correct"": ""1"", ""hit"": false, ""stimuli2"": ""132"", ""phase"": ""TEST"", ""stimuli3"": ""213"", ""response"": ""2"", ""stimuli1"": ""121""}"
debugXTJUOW:debugEJ1P9H,7,1401781238053,"{""rt"": 1549, ""correct"": ""1"", ""hit"": true, ""stimuli2"": ""221"", ""phase"": ""TEST"", ""stimuli3"": ""333"", ""response"": ""1"", ""stimuli1"": ""122""}"
debugXTJUOW:debugEJ1P9H,8,1401781240092,"{""rt"": 1036, ""correct"": ""1"", ""hit"": true, ""stimuli2"": ""131"", ""phase"": ""TEST"", ""stimuli3"": ""123"", ""response"": ""1"", ""stimuli1"": ""132""}"
debugXTJUOW:debugEJ1P9H,9,1401781242077,"{""rt"": 981, ""correct"": ""1"", ""hit"": false, ""stimuli2"": ""331"", ""phase"": ""TEST"", ""stimuli3"": ""222"", ""response"": ""2"", ""stimuli1"": ""123""}"
debugXTJUOW:debugEJ1P9H,10,1401781243757,"{""rt"": 677, ""correct"": ""1"", ""hit"": true, ""stimuli2"": ""111"", ""phase"": ""TEST"", ""stimuli3"": ""333"", ""response"": ""1"", ""stimuli1"": ""222""}"
debugXTJUOW:debugEJ1P9H,11,1401781248885,"{""rt"": 4127, ""correct"": ""1"", ""hit"": false, ""stimuli2"": ""112"", ""phase"": ""TEST"", ""stimuli3"": ""313"", ""response"": ""2"", ""stimuli1"": ""213""}"
debugXTJUOW:debugEJ1P9H,12,1401781261834,"{""rt"": 11946, ""correct"": ""1"", ""hit"": true, ""stimuli2"": ""222"", ""phase"": ""TEST"", ""stimuli3"": ""323"", ""response"": ""1"", ""stimuli1"": ""131""}"
debugXTJUOW:debugEJ1P9H,13,1401781268639,"{""rt"": 5802, ""correct"": ""1"", ""hit"": false, ""stimuli2"": ""132"", ""phase"": ""TEST"", ""stimuli3"": ""223"", ""response"": ""2"", ""stimuli1"": ""333""}"
debugXTJUOW:debugEJ1P9H,14,1401781269643,"{""phase"": ""postquestionnaire"", ""status"": ""begin""}"
debugXTJUOW:debugEJ1P9H,15,1401781271635,"{""phase"": ""postquestionnaire"", ""status"": ""submit""}"
debugDQHYD0:debugO1H2JB,0,1401781413906,"{""phase"": ""INSTRUCTIONS"", ""templates"": [""instructions/instruct-1.html"", ""instructions/instruct-2.html"", ""instructions/instruct-3.html"", ""instructions/instruct-ready.html""], ""action"": ""Begin""}"
debugDQHYD0:debugO1H2JB,1,1401781414896,"{""phase"": ""INSTRUCTIONS"", ""indexOf"": 0, ""viewTime"": 986, ""action"": ""NextPage"", ""template"": ""instructions/instruct-1.html""}"
debugDQHYD0:debugO1H2JB,2,1401781415512,"{""phase"": ""INSTRUCTIONS"", ""indexOf"": 1, ""viewTime"": 609, ""action"": ""NextPage"", ""template"": ""instructions/instruct-2.html""}"
debugDQHYD0:debugO1H2JB,3,1401781415864,"{""phase"": ""INSTRUCTIONS"", ""indexOf"": 2, ""viewTime"": 351, ""action"": ""NextPage"", ""template"": ""instructions/instruct-3.html""}"
debugDQHYD0:debugO1H2JB,4,1401781416618,"{""phase"": ""INSTRUCTIONS"", ""indexOf"": 3, ""viewTime"": 753, ""action"": ""FinishInstructions"", ""template"": ""instructions/instruct-ready.html""}"
debugDQHYD0:debugO1H2JB,5,1401781417026,"{""rt"": 393, ""correct"": ""1"", ""hit"": false, ""stimuli2"": ""222"", ""phase"": ""TEST"", ""stimuli3"": ""233"", ""response"": ""2"", ""stimuli1"": ""111""}"
debugDQHYD0:debugO1H2JB,6,1401781418465,"{""rt"": 435, ""correct"": ""1"", ""hit"": true, ""stimuli2"": ""132"", ""phase"": ""TEST"", ""stimuli3"": ""213"", ""response"": ""1"", ""stimuli1"": ""121""}"
debugDQHYD0:debugO1H2JB,7,1401781420160,"{""rt"": 693, ""correct"": ""1"", ""hit"": true, ""stimuli2"": ""221"", ""phase"": ""TEST"", ""stimuli3"": ""333"", ""response"": ""1"", ""stimuli1"": ""122""}"
debugDQHYD0:debugO1H2JB,8,1401781423136,"{""rt"": 1973, ""correct"": ""1"", ""hit"": true, ""stimuli2"": ""131"", ""phase"": ""TEST"", ""stimuli3"": ""123"", ""response"": ""1"", ""stimuli1"": ""132""}"
debugDQHYD0:debugO1H2JB,9,1401781424624,"{""rt"": 485, ""correct"": ""1"", ""hit"": true, ""stimuli2"": ""331"", ""phase"": ""TEST"", ""stimuli3"": ""222"", ""response"": ""1"", ""stimuli1"": ""123""}"
debugDQHYD0:debugO1H2JB,10,1401781426008,"{""rt"": 381, ""correct"": ""1"", ""hit"": true, ""stimuli2"": ""111"", ""phase"": ""TEST"", ""stimuli3"": ""333"", ""response"": ""1"", ""stimuli1"": ""222""}"
debugDQHYD0:debugO1H2JB,11,1401781427520,"{""rt"": 508, ""correct"": ""1"", ""hit"": false, ""stimuli2"": ""112"", ""phase"": ""TEST"", ""stimuli3"": ""313"", ""response"": ""2"", ""stimuli1"": ""213""}"
debugDQHYD0:debugO1H2JB,12,1401781428944,"{""rt"": 421, ""correct"": ""1"", ""hit"": true, ""stimuli2"": ""222"", ""phase"": ""TEST"", ""stimuli3"": ""323"", ""response"": ""1"", ""stimuli1"": ""131""}"
debugDQHYD0:debugO1H2JB,13,1401781430376,"{""rt"": 430, ""correct"": ""1"", ""hit"": false, ""stimuli2"": ""132"", ""phase"": ""TEST"", ""stimuli3"": ""223"", ""response"": ""2"", ""stimuli1"": ""333""}"
debugDQHYD0:debugO1H2JB,14,1401781431379,"{""phase"": ""postquestionnaire"", ""status"": ""begin""}"
debugDQHYD0:debugO1H2JB,15,1401781433069,"{""phase"": ""postquestionnaire"", ""status"": ""submit""}"
debugJ4A2Y1:debugFLHF65,0,1401781875222,"{""phase"": ""INSTRUCTIONS"", ""templates"": [""instructions/instruct-1.html"", ""instructions/instruct-2.html"", ""instructions/instruct-3.html"", ""instructions/instruct-ready.html""], ""action"": ""Begin""}"
debugJ4A2Y1:debugFLHF65,1,1401781876028,"{""phase"": ""INSTRUCTIONS"", ""indexOf"": 0, ""viewTime"": 802, ""action"": ""NextPage"", ""template"": ""instructions/instruct-1.html""}"
debugJ4A2Y1:debugFLHF65,2,1401781876524,"{""phase"": ""INSTRUCTIONS"", ""indexOf"": 1, ""viewTime"": 493, ""action"": ""NextPage"", ""template"": ""instructions/instruct-2.html""}"
debugJ4A2Y1:debugFLHF65,3,1401781876980,"{""phase"": ""INSTRUCTIONS"", ""indexOf"": 2, ""viewTime"": 454, ""action"": ""NextPage"", ""template"": ""instructions/instruct-3.html""}"
debugJ4A2Y1:debugFLHF65,4,1401781877715,"{""phase"": ""INSTRUCTIONS"", ""indexOf"": 3, ""viewTime"": 734, ""action"": ""FinishInstructions"", ""template"": ""instructions/instruct-ready.html""}"
debugJ4A2Y1:debugFLHF65,5,1401781878725,"{""rt"": 993, ""correct"": ""1"", ""hit"": true, ""stimuli2"": ""222"", ""phase"": ""TEST"", ""stimuli3"": ""233"", ""response"": ""1"", ""stimuli1"": ""111""}"
debugJ4A2Y1:debugFLHF65,6,1401781880587,"{""rt"": 859, ""correct"": ""1"", ""hit"": false, ""stimuli2"": ""132"", ""phase"": ""TEST"", ""stimuli3"": ""213"", ""response"": ""2"", ""stimuli1"": ""121""}"
debugJ4A2Y1:debugFLHF65,7,1401781882195,"{""rt"": 604, ""correct"": ""1"", ""hit"": false, ""stimuli2"": ""221"", ""phase"": ""TEST"", ""stimuli3"": ""333"", ""response"": ""3"", ""stimuli1"": ""122""}"
debugYZ1DBK:debugP5ZDHG,0,1401781959458,"{""phase"": ""INSTRUCTIONS"", ""templates"": [""instructions/instruct-1.html"", ""instructions/instruct-2.html"", ""instructions/instruct-3.html"", ""instructions/instruct-ready.html""], ""action"": ""Begin""}"
debugYZ1DBK:debugP5ZDHG,1,1401781960067,"{""phase"": ""INSTRUCTIONS"", ""indexOf"": 0, ""viewTime"": 606, ""action"": ""NextPage"", ""template"": ""instructions/instruct-1.html""}"
debugYZ1DBK:debugP5ZDHG,2,1401781960654,"{""phase"": ""INSTRUCTIONS"", ""indexOf"": 1, ""viewTime"": 583, ""action"": ""NextPage"", ""template"": ""instructions/instruct-2.html""}"
debugYZ1DBK:debugP5ZDHG,3,1401781961000,"{""phase"": ""INSTRUCTIONS"", ""indexOf"": 2, ""viewTime"": 344, ""action"": ""NextPage"", ""template"": ""instructions/instruct-3.html""}"
debugYZ1DBK:debugP5ZDHG,4,1401781961666,"{""phase"": ""INSTRUCTIONS"", ""indexOf"": 3, ""viewTime"": 665, ""action"": ""FinishInstructions"", ""template"": ""instructions/instruct-ready.html""}"
debugYZ1DBK:debugP5ZDHG,5,1401781962529,"{""rt"": 849, ""correct"": ""1"", ""hit"": true, ""stimuli2"": ""222"", ""phase"": ""TEST"", ""stimuli3"": ""233"", ""response"": ""1"", ""stimuli1"": ""111""}"
debugYZ1DBK:debugP5ZDHG,6,1401781964919,"{""rt"": 1386, ""correct"": ""1"", ""hit"": true, ""stimuli2"": ""132"", ""phase"": ""TEST"", ""stimuli3"": ""213"", ""response"": ""1"", ""stimuli1"": ""121""}"
debugYZ1DBK:debugP5ZDHG,7,1401781967639,"{""rt"": 1717, ""correct"": ""1"", ""hit"": true, ""stimuli2"": ""221"", ""phase"": ""TEST"", ""stimuli3"": ""333"", ""response"": ""1"", ""stimuli1"": ""122""}"
debugYZ1DBK:debugP5ZDHG,8,1401781970303,"{""rt"": 1661, ""correct"": ""1"", ""hit"": true, ""stimuli2"": ""131"", ""phase"": ""TEST"", ""stimuli3"": ""123"", ""response"": ""1"", ""stimuli1"": ""132""}"
debugYZ1DBK:debugP5ZDHG,9,1401781971767,"{""rt"": 461, ""correct"": ""1"", ""hit"": false, ""stimuli2"": ""331"", ""phase"": ""TEST"", ""stimuli3"": ""222"", ""response"": ""2"", ""stimuli1"": ""123""}"
debugYZ1DBK:debugP5ZDHG,10,1401781974542,"{""rt"": 1773, ""correct"": ""1"", ""hit"": false, ""stimuli2"": ""111"", ""phase"": ""TEST"", ""stimuli3"": ""333"", ""response"": ""3"", ""stimuli1"": ""222""}"
debugYZ1DBK:debugP5ZDHG,11,1401781976806,"{""rt"": 1261, ""correct"": ""1"", ""hit"": true, ""stimuli2"": ""112"", ""phase"": ""TEST"", ""stimuli3"": ""313"", ""response"": ""1"", ""stimuli1"": ""213""}"
debug0ZC4RC:debug6R05DD,0,1401782043702,"{""phase"": ""INSTRUCTIONS"", ""templates"": [""instructions/instruct-1.html"", ""instructions/instruct-2.html"", ""instructions/instruct-3.html"", ""instructions/instruct-ready.html""], ""action"": ""Begin""}"
debug0ZC4RC:debug6R05DD,1,1401782044782,"{""phase"": ""INSTRUCTIONS"", ""indexOf"": 0, ""viewTime"": 1076, ""action"": ""NextPage"", ""template"": ""instructions/instruct-1.html""}"
debug0ZC4RC:debug6R05DD,2,1401782045427,"{""phase"": ""INSTRUCTIONS"", ""indexOf"": 1, ""viewTime"": 641, ""action"": ""NextPage"", ""template"": ""instructions/instruct-2.html""}"
debug0ZC4RC:debug6R05DD,3,1401782045978,"{""phase"": ""INSTRUCTIONS"", ""indexOf"": 2, ""viewTime"": 549, ""action"": ""NextPage"", ""template"": ""instructions/instruct-3.html""}"
debug0ZC4RC:debug6R05DD,4,1401782046672,"{""phase"": ""INSTRUCTIONS"", ""indexOf"": 3, ""viewTime"": 693, ""action"": ""FinishInstructions"", ""template"": ""instructions/instruct-ready.html""}"
debug0ZC4RC:debug6R05DD,5,1401782047150,"{""rt"": 464, ""correct"": ""1"", ""hit"": true, ""stimuli2"": ""222"", ""phase"": ""TEST"", ""stimuli3"": ""233"", ""response"": ""1"", ""stimuli1"": ""111""}"
debug0ZC4RC:debug6R05DD,6,1401782048988,"{""rt"": 835, ""correct"": ""1"", ""hit"": false, ""stimuli2"": ""132"", ""phase"": ""TEST"", ""stimuli3"": ""213"", ""response"": ""2"", ""stimuli1"": ""121""}"
debug0ZC4RC:debug6R05DD,7,1401782050939,"{""rt"": 948, ""correct"": ""1"", ""hit"": false, ""stimuli2"": ""221"", ""phase"": ""TEST"", ""stimuli3"": ""333"", ""response"": ""2"", ""stimuli1"": ""122""}"
debug0ZC4RC:debug6R05DD,8,1401782053044,"{""rt"": 1101, ""correct"": ""1"", ""hit"": true, ""stimuli2"": ""131"", ""phase"": ""TEST"", ""stimuli3"": ""123"", ""response"": ""1"", ""stimuli1"": ""132""}"
debug0ZC4RC:debug6R05DD,9,1401782055579,"{""rt"": 1534, ""correct"": ""1"", ""hit"": true, ""stimuli2"": ""331"", ""phase"": ""TEST"", ""stimuli3"": ""222"", ""response"": ""1"", ""stimuli1"": ""123""}"
debugRLCUQ9:debug4Z2FH9,0,1401782107179,"{""phase"": ""INSTRUCTIONS"", ""templates"": [""instructions/instruct-1.html"", ""instructions/instruct-2.html"", ""instructions/instruct-3.html"", ""instructions/instruct-ready.html""], ""action"": ""Begin""}"
debugRLCUQ9:debug4Z2FH9,1,1401782108256,"{""phase"": ""INSTRUCTIONS"", ""indexOf"": 0, ""viewTime"": 1073, ""action"": ""NextPage"", ""template"": ""instructions/instruct-1.html""}"
debugRLCUQ9:debug4Z2FH9,2,1401782108903,"{""phase"": ""INSTRUCTIONS"", ""indexOf"": 1, ""viewTime"": 643, ""action"": ""NextPage"", ""template"": ""instructions/instruct-2.html""}"
debugRLCUQ9:debug4Z2FH9,3,1401782109297,"{""phase"": ""INSTRUCTIONS"", ""indexOf"": 2, ""viewTime"": 391, ""action"": ""NextPage"", ""template"": ""instructions/instruct-3.html""}"
debugRLCUQ9:debug4Z2FH9,4,1401782110570,"{""phase"": ""INSTRUCTIONS"", ""indexOf"": 3, ""viewTime"": 1272, ""action"": ""FinishInstructions"", ""template"": ""instructions/instruct-ready.html""}"
debugRLCUQ9:debug4Z2FH9,5,1401782111359,"{""rt"": 775, ""correct"": ""1"", ""hit"": true, ""stimuli2"": ""222"", ""phase"": ""TEST"", ""stimuli3"": ""233"", ""response"": ""1"", ""stimuli1"": ""111""}"
debugRLCUQ9:debug4Z2FH9,6,1401782114005,"{""rt"": 1643, ""correct"": ""1"", ""hit"": false, ""stimuli2"": ""132"", ""phase"": ""TEST"", ""stimuli3"": ""213"", ""response"": ""2"", ""stimuli1"": ""121""}"
debugRLCUQ9:debug4Z2FH9,7,1401782116069,"{""rt"": 1062, ""correct"": ""1"", ""hit"": false, ""stimuli2"": ""221"", ""phase"": ""TEST"", ""stimuli3"": ""333"", ""response"": ""2"", ""stimuli1"": ""122""}"
debugRLCUQ9:debug4Z2FH9,8,1401782118765,"{""rt"": 1693, ""correct"": ""1"", ""hit"": false, ""stimuli2"": ""131"", ""phase"": ""TEST"", ""stimuli3"": ""123"", ""response"": ""2"", ""stimuli1"": ""132""}"
debugS9CFYW:debugQKT9X2,0,1401782169073,"{""phase"": ""INSTRUCTIONS"", ""templates"": [""instructions/instruct-1.html"", ""instructions/instruct-2.html"", ""instructions/instruct-3.html"", ""instructions/instruct-ready.html""], ""action"": ""Begin""}"
debugS9CFYW:debugQKT9X2,1,1401782170080,"{""phase"": ""INSTRUCTIONS"", ""indexOf"": 0, ""viewTime"": 1001, ""action"": ""NextPage"", ""template"": ""instructions/instruct-1.html""}"
debugS9CFYW:debugQKT9X2,2,1401782170698,"{""phase"": ""INSTRUCTIONS"", ""indexOf"": 1, ""viewTime"": 615, ""action"": ""NextPage"", ""template"": ""instructions/instruct-2.html""}"
debugS9CFYW:debugQKT9X2,3,1401782171106,"{""phase"": ""INSTRUCTIONS"", ""indexOf"": 2, ""viewTime"": 406, ""action"": ""NextPage"", ""template"": ""instructions/instruct-3.html""}"
debugS9CFYW:debugQKT9X2,4,1401782171790,"{""phase"": ""INSTRUCTIONS"", ""indexOf"": 3, ""viewTime"": 683, ""action"": ""FinishInstructions"", ""template"": ""instructions/instruct-ready.html""}"
debugS9CFYW:debugQKT9X2,5,1401782172799,"{""rt"": 995, ""correct"": ""1"", ""hit"": true, ""stimuli2"": ""222"", ""phase"": ""TEST"", ""stimuli3"": ""233"", ""response"": ""1"", ""stimuli1"": ""111""}"
debugS9CFYW:debugQKT9X2,6,1401782174493,"{""rt"": 690, ""correct"": ""1"", ""hit"": false, ""stimuli2"": ""132"", ""phase"": ""TEST"", ""stimuli3"": ""213"", ""response"": ""2"", ""stimuli1"": ""121""}"
debugS9CFYW:debugQKT9X2,7,1401782176205,"{""rt"": 708, ""correct"": ""1"", ""hit"": true, ""stimuli2"": ""221"", ""phase"": ""TEST"", ""stimuli3"": ""333"", ""response"": ""1"", ""stimuli1"": ""122""}"
debugS9CFYW:debugQKT9X2,8,1401782177797,"{""rt"": 589, ""correct"": ""1"", ""hit"": false, ""stimuli2"": ""131"", ""phase"": ""TEST"", ""stimuli3"": ""123"", ""response"": ""2"", ""stimuli1"": ""132""}"
debugS9CFYW:debugQKT9X2,9,1401782179405,"{""rt"": 605, ""correct"": ""1"", ""hit"": false, ""stimuli2"": ""331"", ""phase"": ""TEST"", ""stimuli3"": ""222"", ""response"": ""2"", ""stimuli1"": ""123""}"
debugS9CFYW:debugQKT9X2,10,1401782180941,"{""rt"": 533, ""correct"": ""1"", ""hit"": false, ""stimuli2"": ""111"", ""phase"": ""TEST"", ""stimuli3"": ""333"", ""response"": ""3"", ""stimuli1"": ""222""}"
debugS9CFYW:debugQKT9X2,11,1401782182309,"{""rt"": 365, ""correct"": ""1"", ""hit"": true, ""stimuli2"": ""112"", ""phase"": ""TEST"", ""stimuli3"": ""313"", ""response"": ""1"", ""stimuli1"": ""213""}"
debugS9CFYW:debugQKT9X2,12,1401782183764,"{""rt"": 453, ""correct"": ""1"", ""hit"": true, ""stimuli2"": ""222"", ""phase"": ""TEST"", ""stimuli3"": ""323"", ""response"": ""1"", ""stimuli1"": ""131""}"
debugS9CFYW:debugQKT9X2,13,1401782185757,"{""rt"": 989, ""correct"": ""1"", ""hit"": true, ""stimuli2"": ""132"", ""phase"": ""TEST"", ""stimuli3"": ""223"", ""response"": ""1"", ""stimuli1"": ""333""}"
debugS9CFYW:debugQKT9X2,14,1401782186761,"{""phase"": ""postquestionnaire"", ""status"": ""begin""}"
debugS9CFYW:debugQKT9X2,15,1401782188588,"{""phase"": ""postquestionnaire"", ""status"": ""submit""}"
debug22H3TM:debugLSGPAM,0,1401782285916,"{""phase"": ""INSTRUCTIONS"", ""templates"": [""instructions/instruct-1.html"", ""instructions/instruct-2.html"", ""instructions/instruct-3.html"", ""instructions/instruct-ready.html""], ""action"": ""Begin""}"
debug22H3TM:debugLSGPAM,1,1401782287053,"{""phase"": ""INSTRUCTIONS"", ""indexOf"": 0, ""viewTime"": 1132, ""action"": ""NextPage"", ""template"": ""instructions/instruct-1.html""}"
debug22H3TM:debugLSGPAM,2,1401782287757,"{""phase"": ""INSTRUCTIONS"", ""indexOf"": 1, ""viewTime"": 700, ""action"": ""NextPage"", ""template"": ""instructions/instruct-2.html""}"
debug22H3TM:debugLSGPAM,3,1401782288239,"{""phase"": ""INSTRUCTIONS"", ""indexOf"": 2, ""viewTime"": 480, ""action"": ""NextPage"", ""template"": ""instructions/instruct-3.html""}"
debug22H3TM:debugLSGPAM,4,1401782289019,"{""phase"": ""INSTRUCTIONS"", ""indexOf"": 3, ""viewTime"": 779, ""action"": ""FinishInstructions"", ""template"": ""instructions/instruct-ready.html""}"
debugI0E0Y3:debugEIFU2T,0,1401782325389,"{""phase"": ""INSTRUCTIONS"", ""templates"": [""instructions/instruct-1.html"", ""instructions/instruct-2.html"", ""instructions/instruct-3.html"", ""instructions/instruct-ready.html""], ""action"": ""Begin""}"
debugI0E0Y3:debugEIFU2T,1,1401782326303,"{""phase"": ""INSTRUCTIONS"", ""indexOf"": 0, ""viewTime"": 910, ""action"": ""NextPage"", ""template"": ""instructions/instruct-1.html""}"
debugI0E0Y3:debugEIFU2T,2,1401782326856,"{""phase"": ""INSTRUCTIONS"", ""indexOf"": 1, ""viewTime"": 548, ""action"": ""NextPage"", ""template"": ""instructions/instruct-2.html""}"
debugI0E0Y3:debugEIFU2T,3,1401782327169,"{""phase"": ""INSTRUCTIONS"", ""indexOf"": 2, ""viewTime"": 310, ""action"": ""NextPage"", ""template"": ""instructions/instruct-3.html""}"
debugI0E0Y3:debugEIFU2T,4,1401782327795,"{""phase"": ""INSTRUCTIONS"", ""indexOf"": 3, ""viewTime"": 624, ""action"": ""FinishInstructions"", ""template"": ""instructions/instruct-ready.html""}"
debugI0E0Y3:debugEIFU2T,5,1401782329274,"{""rt"": 1466, ""correct"": ""1"", ""hit"": true, ""stimuli2"": ""222"", ""phase"": ""TEST"", ""stimuli3"": ""233"", ""response"": ""1"", ""stimuli1"": ""111""}"
debugI0E0Y3:debugEIFU2T,6,1401782332377,"{""rt"": 2100, ""correct"": ""1"", ""hit"": false, ""stimuli2"": ""132"", ""phase"": ""TEST"", ""stimuli3"": ""213"", ""response"": ""2"", ""stimuli1"": ""121""}"
debugT3A47A:debugKSFERO,0,1401782378146,"{""phase"": ""INSTRUCTIONS"", ""templates"": [""instructions/instruct-1.html"", ""instructions/instruct-2.html"", ""instructions/instruct-3.html"", ""instructions/instruct-ready.html""], ""action"": ""Begin""}"
debugT3A47A:debugKSFERO,1,1401782378826,"{""phase"": ""INSTRUCTIONS"", ""indexOf"": 0, ""viewTime"": 675, ""action"": ""NextPage"", ""template"": ""instructions/instruct-1.html""}"
debugT3A47A:debugKSFERO,2,1401782379595,"{""phase"": ""INSTRUCTIONS"", ""indexOf"": 1, ""viewTime"": 765, ""action"": ""NextPage"", ""template"": ""instructions/instruct-2.html""}"
debugT3A47A:debugKSFERO,3,1401782380044,"{""phase"": ""INSTRUCTIONS"", ""indexOf"": 2, ""viewTime"": 448, ""action"": ""NextPage"", ""template"": ""instructions/instruct-3.html""}"
debugT3A47A:debugKSFERO,4,1401782380718,"{""phase"": ""INSTRUCTIONS"", ""indexOf"": 3, ""viewTime"": 673, ""action"": ""FinishInstructions"", ""template"": ""instructions/instruct-ready.html""}"
debugT3A47A:debugKSFERO,5,1401782382321,"{""rt"": 1589, ""correct"": ""1"", ""hit"": false, ""stimuli2"": ""222"", ""phase"": ""TEST"", ""stimuli3"": ""233"", ""response"": ""2"", ""stimuli1"": ""111""}"
debugN26HBV:debug44TWMV,0,1401782432568,"{""phase"": ""INSTRUCTIONS"", ""templates"": [""instructions/instruct-1.html"", ""instructions/instruct-2.html"", ""instructions/instruct-3.html"", ""instructions/instruct-ready.html""], ""action"": ""Begin""}"
debugN26HBV:debug44TWMV,1,1401782433722,"{""phase"": ""INSTRUCTIONS"", ""indexOf"": 0, ""viewTime"": 1150, ""action"": ""NextPage"", ""template"": ""instructions/instruct-1.html""}"
debugN26HBV:debug44TWMV,2,1401782434478,"{""phase"": ""INSTRUCTIONS"", ""indexOf"": 1, ""viewTime"": 753, ""action"": ""NextPage"", ""template"": ""instructions/instruct-2.html""}"
debugN26HBV:debug44TWMV,3,1401782435208,"{""phase"": ""INSTRUCTIONS"", ""indexOf"": 2, ""viewTime"": 727, ""action"": ""NextPage"", ""template"": ""instructions/instruct-3.html""}"
debugN26HBV:debug44TWMV,4,1401782436275,"{""phase"": ""INSTRUCTIONS"", ""indexOf"": 3, ""viewTime"": 1066, ""action"": ""FinishInstructions"", ""template"": ""instructions/instruct-ready.html""}"
debugN26HBV:debug44TWMV,5,1401782438140,"{""rt"": 1850, ""correct"": ""1"", ""hit"": false, ""stimuli2"": ""222"", ""phase"": ""TEST"", ""stimuli3"": ""233"", ""response"": ""2"", ""stimuli1"": ""111""}"
debugN26HBV:debug44TWMV,6,1401782439835,"{""rt"": 691, ""correct"": ""1"", ""hit"": true, ""stimuli2"": ""132"", ""phase"": ""TEST"", ""stimuli3"": ""213"", ""response"": ""1"", ""stimuli1"": ""121""}"
debugN26HBV:debug44TWMV,7,1401782441891,"{""rt"": 1052, ""correct"": ""1"", ""hit"": true, ""stimuli2"": ""221"", ""phase"": ""TEST"", ""stimuli3"": ""333"", ""response"": ""1"", ""stimuli1"": ""122""}"
debugN26HBV:debug44TWMV,8,1401782443954,"{""rt"": 1061, ""correct"": ""1"", ""hit"": true, ""stimuli2"": ""131"", ""phase"": ""TEST"", ""stimuli3"": ""123"", ""response"": ""1"", ""stimuli1"": ""132""}"
debugN26HBV:debug44TWMV,9,1401782445738,"{""rt"": 781, ""correct"": ""1"", ""hit"": true, ""stimuli2"": ""331"", ""phase"": ""TEST"", ""stimuli3"": ""222"", ""response"": ""1"", ""stimuli1"": ""123""}"
debugN26HBV:debug44TWMV,10,1401782447515,"{""rt"": 772, ""correct"": ""1"", ""hit"": true, ""stimuli2"": ""111"", ""phase"": ""TEST"", ""stimuli3"": ""333"", ""response"": ""1"", ""stimuli1"": ""222""}"
debugWV75BY:debugR17SA8,0,1401782617450,"{""phase"": ""INSTRUCTIONS"", ""templates"": [""instructions/instruct-1.html"", ""instructions/instruct-2.html"", ""instructions/instruct-3.html"", ""instructions/instruct-ready.html""], ""action"": ""Begin""}"
debugWV75BY:debugR17SA8,1,1401782618276,"{""phase"": ""INSTRUCTIONS"", ""indexOf"": 0, ""viewTime"": 822, ""action"": ""NextPage"", ""template"": ""instructions/instruct-1.html""}"
debugWV75BY:debugR17SA8,2,1401782618949,"{""phase"": ""INSTRUCTIONS"", ""indexOf"": 1, ""viewTime"": 668, ""action"": ""NextPage"", ""template"": ""instructions/instruct-2.html""}"
debugWV75BY:debugR17SA8,3,1401782619332,"{""phase"": ""INSTRUCTIONS"", ""indexOf"": 2, ""viewTime"": 382, ""action"": ""NextPage"", ""template"": ""instructions/instruct-3.html""}"
debugWV75BY:debugR17SA8,4,1401782619998,"{""phase"": ""INSTRUCTIONS"", ""indexOf"": 3, ""viewTime"": 664, ""action"": ""FinishInstructions"", ""template"": ""instructions/instruct-ready.html""}"
debug5FBDY8:debug9WYQWR,0,1401782673176,"{""phase"": ""INSTRUCTIONS"", ""templates"": [""instructions/instruct-1.html"", ""instructions/instruct-2.html"", ""instructions/instruct-3.html"", ""instructions/instruct-ready.html""], ""action"": ""Begin""}"
debug5FBDY8:debug9WYQWR,1,1401782673955,"{""phase"": ""INSTRUCTIONS"", ""indexOf"": 0, ""viewTime"": 775, ""action"": ""NextPage"", ""template"": ""instructions/instruct-1.html""}"
debug5FBDY8:debug9WYQWR,2,1401782674690,"{""phase"": ""INSTRUCTIONS"", ""indexOf"": 1, ""viewTime"": 731, ""action"": ""NextPage"", ""template"": ""instructions/instruct-2.html""}"
debug5FBDY8:debug9WYQWR,3,1401782675137,"{""phase"": ""INSTRUCTIONS"", ""indexOf"": 2, ""viewTime"": 446, ""action"": ""NextPage"", ""template"": ""instructions/instruct-3.html""}"
debug5FBDY8:debug9WYQWR,4,1401782675802,"{""phase"": ""INSTRUCTIONS"", ""indexOf"": 3, ""viewTime"": 664, ""action"": ""FinishInstructions"", ""template"": ""instructions/instruct-ready.html""}"
debug2RT4ZO:debugYY3AVP,0,1401782762516,"{""phase"": ""INSTRUCTIONS"", ""templates"": [""instructions/instruct-1.html"", ""instructions/instruct-2.html"", ""instructions/instruct-3.html"", ""instructions/instruct-ready.html""], ""action"": ""Begin""}"
debug2RT4ZO:debugYY3AVP,1,1401782763627,"{""phase"": ""INSTRUCTIONS"", ""indexOf"": 0, ""viewTime"": 1107, ""action"": ""NextPage"", ""template"": ""instructions/instruct-1.html""}"
debug2RT4ZO:debugYY3AVP,2,1401782764290,"{""phase"": ""INSTRUCTIONS"", ""indexOf"": 1, ""viewTime"": 656, ""action"": ""NextPage"", ""template"": ""instructions/instruct-2.html""}"
debug2RT4ZO:debugYY3AVP,3,1401782764620,"{""phase"": ""INSTRUCTIONS"", ""indexOf"": 2, ""viewTime"": 328, ""action"": ""NextPage"", ""template"": ""instructions/instruct-3.html""}"
debug2RT4ZO:debugYY3AVP,4,1401782765328,"{""phase"": ""INSTRUCTIONS"", ""indexOf"": 3, ""viewTime"": 707, ""action"": ""FinishInstructions"", ""template"": ""instructions/instruct-ready.html""}"
debug52GTAL:debugEAVUE6,0,1401782926025,"{""phase"": ""INSTRUCTIONS"", ""templates"": [""instructions/instruct-1.html"", ""instructions/instruct-2.html"", ""instructions/instruct-3.html"", ""instructions/instruct-ready.html""], ""action"": ""Begin""}"
debug52GTAL:debugEAVUE6,1,1401782926712,"{""phase"": ""INSTRUCTIONS"", ""indexOf"": 0, ""viewTime"": 683, ""action"": ""NextPage"", ""template"": ""instructions/instruct-1.html""}"
debug52GTAL:debugEAVUE6,2,1401782927361,"{""phase"": ""INSTRUCTIONS"", ""indexOf"": 1, ""viewTime"": 645, ""action"": ""NextPage"", ""template"": ""instructions/instruct-2.html""}"
debug52GTAL:debugEAVUE6,3,1401782927772,"{""phase"": ""INSTRUCTIONS"", ""indexOf"": 2, ""viewTime"": 409, ""action"": ""NextPage"", ""template"": ""instructions/instruct-3.html""}"
debug52GTAL:debugEAVUE6,4,1401782928414,"{""phase"": ""INSTRUCTIONS"", ""indexOf"": 3, ""viewTime"": 641, ""action"": ""FinishInstructions"", ""template"": ""instructions/instruct-ready.html""}"
debug52GTAL:debugEAVUE6,5,1401782929787,"{""rt"": 1256, ""correct"": ""1"", ""hit"": true, ""stimuli2"": ""222"", ""phase"": ""TEST"", ""stimuli3"": ""233"", ""response"": ""1"", ""stimuli1"": ""111""}"
debug52GTAL:debugEAVUE6,6,1401782931945,"{""rt"": 1055, ""correct"": ""1"", ""hit"": false, ""stimuli2"": ""132"", ""phase"": ""TEST"", ""stimuli3"": ""213"", ""response"": ""2"", ""stimuli1"": ""121""}"
debug3G6HW2:debug6EDOT4,0,1401782954965,"{""phase"": ""INSTRUCTIONS"", ""templates"": [""instructions/instruct-1.html"", ""instructions/instruct-2.html"", ""instructions/instruct-3.html"", ""instructions/instruct-ready.html""], ""action"": ""Begin""}"
debug3G6HW2:debug6EDOT4,1,1401782956063,"{""phase"": ""INSTRUCTIONS"", ""indexOf"": 0, ""viewTime"": 1094, ""action"": ""NextPage"", ""template"": ""instructions/instruct-1.html""}"
debug3G6HW2:debug6EDOT4,2,1401782956890,"{""phase"": ""INSTRUCTIONS"", ""indexOf"": 1, ""viewTime"": 823, ""action"": ""NextPage"", ""template"": ""instructions/instruct-2.html""}"
debug3G6HW2:debug6EDOT4,3,1401782957372,"{""phase"": ""INSTRUCTIONS"", ""indexOf"": 2, ""viewTime"": 481, ""action"": ""NextPage"", ""template"": ""instructions/instruct-3.html""}"
debug3G6HW2:debug6EDOT4,4,1401782958124,"{""phase"": ""INSTRUCTIONS"", ""indexOf"": 3, ""viewTime"": 751, ""action"": ""FinishInstructions"", ""template"": ""instructions/instruct-ready.html""}"
debug3G6HW2:debug6EDOT4,5,1401782960434,"{""rt"": 1294, ""correct"": ""1"", ""hit"": false, ""stimuli2"": ""222"", ""phase"": ""TEST"", ""stimuli3"": ""233"", ""response"": ""2"", ""stimuli1"": ""111""}"
debug3G6HW2:debug6EDOT4,6,1401782963832,"{""rt"": 1393, ""correct"": ""1"", ""hit"": true, ""stimuli2"": ""132"", ""phase"": ""TEST"", ""stimuli3"": ""213"", ""response"": ""1"", ""stimuli1"": ""121""}"
debug3G6HW2:debug6EDOT4,7,1401782968573,"{""rt"": 2738, ""correct"": ""1"", ""hit"": true, ""stimuli2"": ""221"", ""phase"": ""TEST"", ""stimuli3"": ""333"", ""response"": ""1"", ""stimuli1"": ""122""}"
debug3G6HW2:debug6EDOT4,8,1401782971581,"{""rt"": 1004, ""correct"": ""1"", ""hit"": true, ""stimuli2"": ""131"", ""phase"": ""TEST"", ""stimuli3"": ""123"", ""response"": ""1"", ""stimuli1"": ""132""}"
debugIAV1M6:debugBDLVXI,0,1401783026754,"{""phase"": ""INSTRUCTIONS"", ""templates"": [""instructions/instruct-1.html"", ""instructions/instruct-2.html"", ""instructions/instruct-3.html"", ""instructions/instruct-ready.html""], ""action"": ""Begin""}"
debugIAV1M6:debugBDLVXI,1,1401783028140,"{""phase"": ""INSTRUCTIONS"", ""indexOf"": 0, ""viewTime"": 1381, ""action"": ""NextPage"", ""template"": ""instructions/instruct-1.html""}"
debugIAV1M6:debugBDLVXI,2,1401783028806,"{""phase"": ""INSTRUCTIONS"", ""indexOf"": 1, ""viewTime"": 662, ""action"": ""NextPage"", ""template"": ""instructions/instruct-2.html""}"
debugIAV1M6:debugBDLVXI,3,1401783029206,"{""phase"": ""INSTRUCTIONS"", ""indexOf"": 2, ""viewTime"": 398, ""action"": ""NextPage"", ""template"": ""instructions/instruct-3.html""}"
debugIAV1M6:debugBDLVXI,4,1401783029905,"{""phase"": ""INSTRUCTIONS"", ""indexOf"": 3, ""viewTime"": 697, ""action"": ""FinishInstructions"", ""template"": ""instructions/instruct-ready.html""}"
debugIAV1M6:debugBDLVXI,5,1401783032245,"{""rt"": 1323, ""correct"": ""1"", ""hit"": true, ""stimuli2"": ""222"", ""phase"": ""TEST"", ""stimuli3"": ""233"", ""response"": ""1"", ""stimuli1"": ""111""}"
debugIAV1M6:debugBDLVXI,6,1401783035083,"{""rt"": 836, ""correct"": ""1"", ""hit"": true, ""stimuli2"": ""132"", ""phase"": ""TEST"", ""stimuli3"": ""213"", ""response"": ""1"", ""stimuli1"": ""121""}"
debugIAV1M6:debugBDLVXI,7,1401783037891,"{""rt"": 806, ""correct"": ""1"", ""hit"": false, ""stimuli2"": ""221"", ""phase"": ""TEST"", ""stimuli3"": ""333"", ""response"": ""2"", ""stimuli1"": ""122""}"
debugIAV1M6:debugBDLVXI,8,1401783041491,"{""rt"": 1596, ""correct"": ""1"", ""hit"": false, ""stimuli2"": ""131"", ""phase"": ""TEST"", ""stimuli3"": ""123"", ""response"": ""3"", ""stimuli1"": ""132""}"
debugN2N708:debugT4L77P,0,1401783627203,"{""phase"": ""INSTRUCTIONS"", ""templates"": [""instructions/instruct-1.html"", ""instructions/instruct-2.html"", ""instructions/instruct-3.html"", ""instructions/instruct-ready.html""], ""action"": ""Begin""}"
debugN2N708:debugT4L77P,1,1401783627987,"{""phase"": ""INSTRUCTIONS"", ""indexOf"": 0, ""viewTime"": 779, ""action"": ""NextPage"", ""template"": ""instructions/instruct-1.html""}"
debugN2N708:debugT4L77P,2,1401783628660,"{""phase"": ""INSTRUCTIONS"", ""indexOf"": 1, ""viewTime"": 668, ""action"": ""NextPage"", ""template"": ""instructions/instruct-2.html""}"
debugN2N708:debugT4L77P,3,1401783629052,"{""phase"": ""INSTRUCTIONS"", ""indexOf"": 2, ""viewTime"": 391, ""action"": ""NextPage"", ""template"": ""instructions/instruct-3.html""}"
debugN2N708:debugT4L77P,4,1401783629769,"{""phase"": ""INSTRUCTIONS"", ""indexOf"": 3, ""viewTime"": 715, ""action"": ""FinishInstructions"", ""template"": ""instructions/instruct-ready.html""}"
debugN2N708:debugT4L77P,5,1401783631645,"{""rt"": 859, ""correct"": ""1"", ""hit"": true, ""stimuli2"": ""222"", ""phase"": ""TEST"", ""stimuli3"": ""233"", ""response"": ""1"", ""stimuli1"": ""111""}"
debugN2N708:debugT4L77P,6,1401783634411,"{""rt"": 761, ""correct"": ""1"", ""hit"": false, ""stimuli2"": ""132"", ""phase"": ""TEST"", ""stimuli3"": ""213"", ""response"": ""2"", ""stimuli1"": ""121""}"
debugN2N708:debugT4L77P,7,1401783637170,"{""rt"": 753, ""correct"": ""1"", ""hit"": false, ""stimuli2"": ""221"", ""phase"": ""TEST"", ""stimuli3"": ""333"", ""response"": ""2"", ""stimuli1"": ""122""}"
debugN2N708:debugT4L77P,8,1401783640611,"{""rt"": 1435, ""correct"": ""1"", ""hit"": false, ""stimuli2"": ""131"", ""phase"": ""TEST"", ""stimuli3"": ""123"", ""response"": ""2"", ""stimuli1"": ""132""}"
debugN2N708:debugT4L77P,9,1401783643443,"{""rt"": 828, ""correct"": ""1"", ""hit"": true, ""stimuli2"": ""331"", ""phase"": ""TEST"", ""stimuli3"": ""222"", ""response"": ""1"", ""stimuli1"": ""123""}"
debugN2N708:debugT4L77P,10,1401783647786,"{""rt"": 2338, ""correct"": ""1"", ""hit"": false, ""stimuli2"": ""111"", ""phase"": ""TEST"", ""stimuli3"": ""333"", ""response"": ""3"", ""stimuli1"": ""222""}"
debugN2N708:debugT4L77P,11,1401783650580,"{""rt"": 787, ""correct"": ""1"", ""hit"": true, ""stimuli2"": ""112"", ""phase"": ""TEST"", ""stimuli3"": ""313"", ""response"": ""1"", ""stimuli1"": ""213""}"
debugN2N708:debugT4L77P,12,1401783653651,"{""rt"": 1065, ""correct"": ""1"", ""hit"": true, ""stimuli2"": ""222"", ""phase"": ""TEST"", ""stimuli3"": ""323"", ""response"": ""1"", ""stimuli1"": ""131""}"
debugN2N708:debugT4L77P,13,1401783656674,"{""rt"": 1019, ""correct"": ""1"", ""hit"": true, ""stimuli2"": ""132"", ""phase"": ""TEST"", ""stimuli3"": ""223"", ""response"": ""1"", ""stimuli1"": ""333""}"
debugN2N708:debugT4L77P,14,1401783657677,"{""phase"": ""postquestionnaire"", ""status"": ""begin""}"
debugN2N708:debugT4L77P,15,1401783659380,"{""phase"": ""postquestionnaire"", ""status"": ""submit""}"
debugAJD4PH:debugURB50Y,0,1401784213657,"{""phase"": ""INSTRUCTIONS"", ""templates"": [""instructions/instruct-1.html"", ""instructions/instruct-2.html"", ""instructions/instruct-3.html"", ""instructions/instruct-ready.html""], ""action"": ""Begin""}"
debugAJD4PH:debugURB50Y,1,1401784216666,"{""phase"": ""INSTRUCTIONS"", ""indexOf"": 0, ""viewTime"": 3006, ""action"": ""NextPage"", ""template"": ""instructions/instruct-1.html""}"
debugAJD4PH:debugURB50Y,2,1401784217544,"{""phase"": ""INSTRUCTIONS"", ""indexOf"": 1, ""viewTime"": 874, ""action"": ""NextPage"", ""template"": ""instructions/instruct-2.html""}"
debugAJD4PH:debugURB50Y,3,1401784218072,"{""phase"": ""INSTRUCTIONS"", ""indexOf"": 2, ""viewTime"": 527, ""action"": ""NextPage"", ""template"": ""instructions/instruct-3.html""}"
debugAJD4PH:debugURB50Y,4,1401784219247,"{""phase"": ""INSTRUCTIONS"", ""indexOf"": 3, ""viewTime"": 1173, ""action"": ""FinishInstructions"", ""template"": ""instructions/instruct-ready.html""}"
debugAJD4PH:debugURB50Y,5,1401784223646,"{""rt"": 3384, ""correct"": ""1"", ""hit"": true, ""stimuli2"": ""222"", ""phase"": ""TEST"", ""outcome"": 0, ""stimuli3"": ""233"", ""response"": ""1"", ""stimuli1"": ""111""}"
debugAJD4PH:debugURB50Y,6,1401784226285,"{""rt"": 632, ""correct"": ""1"", ""hit"": false, ""stimuli2"": ""132"", ""phase"": ""TEST"", ""outcome"": 1, ""stimuli3"": ""213"", ""response"": ""2"", ""stimuli1"": ""121""}"
debugAJD4PH:debugURB50Y,7,1401784229173,"{""rt"": 883, ""correct"": ""1"", ""hit"": false, ""stimuli2"": ""221"", ""phase"": ""TEST"", ""outcome"": 1, ""stimuli3"": ""333"", ""response"": ""3"", ""stimuli1"": ""122""}"
debugAJD4PH:debugURB50Y,8,1401784231925,"{""rt"": 747, ""correct"": ""1"", ""hit"": false, ""stimuli2"": ""131"", ""phase"": ""TEST"", ""outcome"": 1, ""stimuli3"": ""123"", ""response"": ""2"", ""stimuli1"": ""132""}"
debugAJD4PH:debugURB50Y,9,1401784234541,"{""rt"": 610, ""correct"": ""1"", ""hit"": true, ""stimuli2"": ""331"", ""phase"": ""TEST"", ""outcome"": 1, ""stimuli3"": ""222"", ""response"": ""1"", ""stimuli1"": ""123""}"
debugAJD4PH:debugURB50Y,10,1401784237244,"{""rt"": 699, ""correct"": ""1"", ""hit"": true, ""stimuli2"": ""111"", ""phase"": ""TEST"", ""outcome"": 1, ""stimuli3"": ""333"", ""response"": ""1"", ""stimuli1"": ""222""}"
debugAJD4PH:debugURB50Y,11,1401784240078,"{""rt"": 827, ""correct"": ""1"", ""hit"": true, ""stimuli2"": ""112"", ""phase"": ""TEST"", ""outcome"": 0, ""stimuli3"": ""313"", ""response"": ""1"", ""stimuli1"": ""213""}"
debugAJD4PH:debugURB50Y,12,1401784242964,"{""rt"": 883, ""correct"": ""1"", ""hit"": false, ""stimuli2"": ""222"", ""phase"": ""TEST"", ""outcome"": 1, ""stimuli3"": ""323"", ""response"": ""2"", ""stimuli1"": ""131""}"
debugAJD4PH:debugURB50Y,13,1401784245756,"{""rt"": 787, ""correct"": ""1"", ""hit"": false, ""stimuli2"": ""132"", ""phase"": ""TEST"", ""outcome"": 0, ""stimuli3"": ""223"", ""response"": ""3"", ""stimuli1"": ""333""}"
debugAJD4PH:debugURB50Y,14,1401784246759,"{""phase"": ""postquestionnaire"", ""status"": ""begin""}"
debugAJD4PH:debugURB50Y,15,1401784249214,"{""phase"": ""postquestionnaire"", ""status"": ""submit""}"
